feature,importance
GAZP_VOLUME,7.0372189866933725
CHMK_VOLUME,6.506173138524308
NSVZ_VOLUME,5.813393423007542
YAKG_VOLUME,5.696363574228262
TRMK_VOLUME,5.66635298715665
RUAL_VOLUME,5.637627213223472
AFKS_VOLUME,5.4296132111207385
CHKZ_VOLUME,5.402259629768628
TGKN_VOLUME,5.311849327447579
MRSB_VOLUME,5.167667106046307
ZAYM_VOLUME,5.070432001409246
AKRN_VOLUME,5.005560769923014
KGKC_VOLUME,4.901273073733896
SVAV_VOLUME,4.892305199391139
OGKB_VOLUME,4.850865586031347
ABRD_VOLUME,4.802065996777485
BLNG_VOLUME,4.664281369134831
UTAR_VOLUME,4.656248678873575
ROST_VOLUME,4.464975605740883
GAZAP_VOLUME,4.449388692681134
KMEZ_VOLUME,4.330845044097724
PRFN_VOLUME,4.311243736808966
ENPG_VOLUME,4.30312023367971
MSNG_VOLUME,4.28662098142827
CNTLP_VOLUME,4.2738789740248935
LEAS_VOLUME,4.249532485308969
DIOD_VOLUME,4.189229261077639
NVTK_VOLUME,4.1556970829382776
RTSB_VOLUME,4.071960332373709
TARGET_CLOSE,4.068271165462334
MRKV_VOLUME,3.987995421308272
PMSBP_VOLUME,3.979838930189563
MTSS_VOLUME,3.9715748037661105
TTLK_VOLUME,3.9499148053547053
ELFV_VOLUME,3.9339246694133894
MRKP_VOLUME,3.8258172659624954
SVCB_VOLUME,3.8102885198696526
TORSP_VOLUME,3.7393494328442434
MRKU_VOLUME,3.7084231777953214
YKENP_VOLUME,3.6081109086119576
NAUK_VOLUME,3.607889838980339
LIFE_VOLUME,3.5071125587682666
ABIO_VOLUME,3.4822825978699945
OKEY_VOLUME,3.4676605797119784
MFGSP_VOLUME,3.467356671551908
NLMK_VOLUME,3.43264802664703
VRSBP_VOLUME,3.421107083283637
KZOSP_VOLUME,3.4126919163726743
IGSTP_VOLUME,3.408772197849963
WTCMP_VOLUME,3.40062095137521
VJGZ_VOLUME,3.2784117932433614
KLVZ_VOLUME,3.2760264992414245
KBSB_VOLUME,3.2459976819557723
BSPB_VOLUME,3.239029041227463
RTSI_CLOSE,3.2293079820535184
ETLN_VOLUME,3.149405937665105
GEMA_CLOSE,3.1428331384358685
PRFN_HIGH,3.1401164913867774
MAGEP_VOLUME,3.118004902009517
GAZP_CLOSE,3.100024021422667
SLEN_VOLUME,3.0993049512713937
PRFN_CLOSE,3.0508221930182593
NMTP_VOLUME,3.0034777638320485
WUSH_VOLUME,3.0028478427473075
MISBP_VOLUME,2.962048975677181
GMKN_VOLUME,2.944309486434
IGST_VOLUME,2.927940808126154
PMSB_VOLUME,2.9223666373977686
SMLT_VOLUME,2.9215107135239897
GEMA_LOW,2.9203062854271438
MRKZ_VOLUME,2.895881013769389
PIKK_VOLUME,2.890163923242387
VGSBP_VOLUME,2.8651843287572483
KCHEP_VOLUME,2.8060910571531097
AMEZ_LOW,2.7860933070349048
ASTR_VOLUME,2.773694862886741
JNOSP_VOLUME,2.7476674575062305
SFIN_VOLUME,2.747165308063082
KRKOP_VOLUME,2.7400345546388327
RNFT_VOLUME,2.719400334105867
MOEX_VOLUME,2.719261398970152
SNGS_VOLUME,2.708896959424623
DZRDP_VOLUME,2.7050207490164873
HEAD_VOLUME,2.6964989553705885
AMEZ_CLOSE,2.691913988912764
APTK_VOLUME,2.6618216980527976
RTKM_VOLUME,2.632418467218128
BSPBP_VOLUME,2.6227307649724367
TUZA_VOLUME,2.6158464763664067
TASB_VOLUME,2.5789600054124175
ZVEZ_VOLUME,2.5747352923354696
BELU_VOLUME,2.547907689309963
KMAZ_VOLUME,2.5292722227118642
BISVP_VOLUME,2.4735830924207116
ARSA_OPEN,2.4690280739019252
FLOT_VOLUME,2.460795804047085
LPSB_VOLUME,2.452579750791362
NKNC_VOLUME,2.431233048491441
LNZL_OPEN,2.3990723304044628
MAGE_VOLUME,2.3917854729284294
GAZP_HIGH,2.385843597377098
TGKA_VOLUME,2.35144802835448
KMEZ_OPEN,2.3465049537194997
GTRK_VOLUME,2.337463786241851
BSPBP_CLOSE,2.3278439453422908
ZILL_HIGH,2.3273341130998397
PRFN_LOW,2.3099708495020876
KROTP_CLOSE,2.3017111906127274
VALUE_y,2.2826224969791435
MISB_VOLUME,2.282138161528876
GEMA_VOLUME,2.2758366216082573
RZSB_VOLUME,2.2731086602806
OMZZP_VOLUME,2.2517037697098417
RTSI_HIGH,2.1934278142150996
SOFL_VOLUME,2.1716776190442353
WTCM_CLOSE,2.1652764150148536
DZRD_OPEN,2.143927733303283
DZRDP_OPEN,2.1405177656204004
YRSB_VOLUME,2.128062419167795
MSTT_VOLUME,2.11190116037722
LSRG_OPEN,2.111665244068437
BANEP_VOLUME,2.0949109754971036
UNKL_VOLUME,2.0909398705359235
GAZP_LOW,2.0763061600483836
RTSI_LOW,2.0735519530139026
SIBN_VOLUME,2.0715337131644183
DELI_VOLUME,2.043689582164374
VEON-RX_VOLUME,2.034067583157022
IRKT_VOLUME,2.0287794710670877
TUZA_LOW,2.026658068969803
UGLD_VOLUME,2.0214819295035045
TUZA_CLOSE,2.0146902184206703
RTGZ_VOLUME,2.010691062228736
RENI_VOLUME,2.006342441779698
LNZLP_OPEN,2.0038883836027614
VJGZP_CLOSE,1.989112985203404
UPRO_VOLUME,1.988530246859707
KMEZ_LOW,1.9694269997884415
MVID_VOLUME,1.962690144147144
RKKE_OPEN,1.9591686146906753
PRFN_OPEN,1.9581742409959013
VALUE,1.9398524522238325
USD000UTSTOM_VOLUME,1.9354573164284643
BRV5_VOLUME,1.9264363518940373
DVEC_CLOSE,1.9170466948722147
GEMA_HIGH,1.909636957667763
NAUK_OPEN,1.8989214713952391
IRAO_VOLUME,1.8666277965863767
ELFV_CLOSE,1.8609845508974725
DVEC_VOLUME,1.8532889312804859
EELT_VOLUME,1.8450005841146992
LSRG_LOW,1.840671850025765
LSRG_VOLUME,1.8324639932441764
DATA_VOLUME,1.8256541387632197
SIBN_HIGH,1.824114998323888
EUR_RUB__TOM_CLOSE,1.820018462381675
BANE_VOLUME,1.8154928810447366
MRKC_VOLUME,1.8082719780968308
PMSBP_CLOSE,1.8028238229035078
RUAL_LOW,1.8002604886850115
ABIO_CLOSE,1.7821761473437387
UGLD_CLOSE,1.7685968098916138
HEAD_OPEN,1.7645864424438074
CHMF_VOLUME,1.7622442233291462
GAZA_VOLUME,1.7358069388582027
GEMA_OPEN,1.7347934061508656
MGKL_VOLUME,1.7263358855992699
KUZB_VOLUME,1.725281964089688
CHGZ_VOLUME,1.7246482677480117
NSVZ_OPEN,1.7211050531257193
SIBN_CLOSE,1.702157672542454
NKHP_VOLUME,1.6992430905779994
DIOD_CLOSE,1.6929402903290198
ROLO_CLOSE,1.6916389898248667
ZILL_OPEN,1.6833084190245466
VSYDP_VOLUME,1.67721792813654
LKOH_VOLUME,1.6763335097313539
YRSBP_VOLUME,1.67603325104307
HEAD_LOW,1.6701939443657075
SIBN_LOW,1.6688296746594313
RUAL_CLOSE,1.6684970805939867
ASSB_VOLUME,1.6658101445555136
NKSH_OPEN,1.6623247694090246
USD000UTSTOM_CLOSE,1.6592698729431756
KROTP_LOW,1.6585015334781248
LNZL_HIGH,1.6580171738204719
KOGK_LOW,1.6580088206693466
VEON-RX_OPEN,1.6567796719271282
LMBZ_VOLUME,1.65525829785646
GEMC_VOLUME,1.6530678742621483
MRKP_CLOSE,1.64988970247282
PRMD_CLOSE,1.6475089268854404
VLHZ_VOLUME,1.6382205449953071
VSYDP_CLOSE,1.6374557212016307
DZRD_VOLUME,1.637248711050498
ABIO_OPEN,1.6325986270195152
PMSBP_LOW,1.615154904655667
OMZZP_OPEN,1.603329664845021
ZILL_CLOSE,1.5994192278369284
LNZL_CLOSE,1.594614637014838
KROT_VOLUME,1.5941815038914922
KZOS_VOLUME,1.5918872778756208
RBCM_VOLUME,1.5916967397842308
SNGSP_VOLUME,1.588708436975675
SOFL_HIGH,1.585904566067069
KROTP_HIGH,1.5834399067754703
LNZLP_VOLUME,1.5833449158721302
EUTR_VOLUME,1.5758590861744513
LMBZ_HIGH,1.5757541680207237
UTAR_OPEN,1.5730358231024564
KZOS_LOW,1.5660688819603514
ELMT_VOLUME,1.556672436871945
NNSB_OPEN,1.5480592844336287
RDRB_VOLUME,1.5472584105735703
ABIO_LOW,1.543581759572054
MRKS_VOLUME,1.5371463036040833
UNAC_VOLUME,1.5353926016993034
KZOS_CLOSE,1.5349071505972838
BSPBP_HIGH,1.5266137513495817
KZOSP_CLOSE,1.5243323464029033
RUAL_OPEN,1.5236124267435887
SBER_VOLUME,1.5123609489519474
ARSA_HIGH,1.5043383045995977
ABIO_HIGH,1.491523481059221
EUTR_CLOSE,1.4877772203348272
NKHP_CLOSE,1.4872459807852445
VSYDP_LOW,1.4657201958062387
ZVEZ_CLOSE,1.4648225332764933
ARSA_VOLUME,1.4593347203563873
KRKOP_HIGH,1.45839999826767
LSRG_HIGH,1.4560044157560899
RBCM_OPEN,1.4550377358657485
RUAL_HIGH,1.4540822592951204
JNOS_OPEN,1.4459264711940805
AMEZ_VOLUME,1.440732328282489
LNZLP_HIGH,1.4371027654631805
VKCO_VOLUME,1.4232223354170055
GMKN_CLOSE,1.4136297366761144
LNZLP_LOW,1.4123755240411402
RGSS_OPEN,1.4084244894971893
KLSB_VOLUME,1.4049712770208007
LSNGP_OPEN,1.4019593332765439
MGKL_OPEN,1.4009349145520698
HEAD_CLOSE,1.392224516915384
YRSB_HIGH,1.38671190746926
MSRS_OPEN,1.385298362294714
KRKOP_OPEN,1.3834904043761227
MSTT_HIGH,1.3662006766902224
GCHE_CLOSE,1.3578804885285807
OZON_VOLUME,1.3568199790554578
VGSB_VOLUME,1.353237372843891
HEAD_HIGH,1.3483096653717583
VJGZ_OPEN,1.345288299999081
CBOM_OPEN,1.3443340927293732
YKEN_LOW,1.3374921055256765
VSYD_CLOSE,1.3366675258616028
LSRG_CLOSE,1.3319429751004075
WTCM_VOLUME,1.3261089693735146
SOFL_OPEN,1.324697903377056
MSTT_OPEN,1.3231975397009152
FLOT_OPEN,1.3228778988448804
NMTP_OPEN,1.322072657796653
YKENP_CLOSE,1.3179161017060401
GMKN_HIGH,1.3158370459918933
EUR_RUB__TOM_LOW,1.3114954333551712
RBCM_HIGH,1.3099568399533656
ROSN_VOLUME,1.3098347310683855
CBOM_VOLUME,1.3078604323338843
GAZP_OPEN,1.3070128613964584
LSNG_VOLUME,1.3051223454508882
SELG_LOW,1.3048462663100882
LNZL_VOLUME,1.3037447070069865
SIBN_OPEN,1.3017074358477185
PMSB_CLOSE,1.2977668234227788
MGNT_VOLUME,1.297506154780075
RKKE_HIGH,1.2931635914632051
DIOD_HIGH,1.2854839279308654
MSNG_LOW,1.2835575212763413
GAZA_LOW,1.2808182288636265
UTAR_CLOSE,1.2801518404193069
FESH_VOLUME,1.2722840420108894
SPBE_CLOSE,1.2721527851101964
SBER_OPEN,1.2689732312680329
TNSE_LOW,1.2604403859193922
YKENP_HIGH,1.2585150690764373
URKZ_OPEN,1.2566065927291161
RASP_CLOSE,1.256487720243601
RASP_LOW,1.2553126476832286
RDRB_OPEN,1.2552683262124953
APRI_HIGH,1.2532039900077103
EUTR_HIGH,1.2466794480099122
EELT_OPEN,1.2440268300608275
KCHEP_HIGH,1.2396857240232986
MRKS_LOW,1.2333339033761548
JNOS_HIGH,1.2319812015066678
TGKBP_OPEN,1.2238953701936655
FESH_OPEN,1.2198427714253632
GCHE_VOLUME,1.1950873131952808
MAGN_VOLUME,1.1845446619647986
GMKN_LOW,1.1826019508802206
YKENP_LOW,1.1798271238207574
SELG_OPEN,1.1796347301419783
SPBE_HIGH,1.179631851128644
CNTL_VOLUME,1.1784123028666549
NNSB_LOW,1.1735267185106515
PAZA_OPEN,1.1704946088128647
IRAO_CLOSE,1.1700505602033227
AFKS_CLOSE,1.1620870962668182
RASP_HIGH,1.1549854221853604
RTSBP_LOW,1.1546548107076824
TNSE_CLOSE,1.151573640806916
ZILL_VOLUME,1.1491186437228007
TNSE_OPEN,1.1476315779013868
CARM_VOLUME,1.1404639166580741
UTAR_HIGH,1.136491486318305
MAGE_LOW,1.135525804019925
TUZA_HIGH,1.1333852615791753
ZVEZ_LOW,1.1308227124897765
RKKE_CLOSE,1.1291539857721542
VSEH_VOLUME,1.1273368700605886
AVAN_OPEN,1.126967555904052
YDEX_CLOSE,1.124542298262546
IGST_CLOSE,1.124284569737445
MRKK_OPEN,1.1239732126942636
PRMD_HIGH,1.123528842983741
LVHK_CLOSE,1.1221612444382134
KAZTP_VOLUME,1.11770738929097
TGKB_OPEN,1.116330207980042
MRKC_CLOSE,1.1113840270968327
SARE_VOLUME,1.1111797286892449
IRKT_HIGH,1.1095524419621137
HNFG_VOLUME,1.1091255033776053
KROTP_OPEN,1.1084071765203871
KZOSP_OPEN,1.108219720822567
MAGE_OPEN,1.1068384738943025
TATNP_VOLUME,1.1039385001420305
BSPBP_LOW,1.1009502448646984
KBSB_CLOSE,1.1000584220017338
MRKC_LOW,1.098385784370736
TGKBP_LOW,1.098070891791034
AKRN_LOW,1.091747751530711
MRKY_VOLUME,1.0915654467720157
VJGZP_VOLUME,1.0888666815176917
POSI_VOLUME,1.0811647898598191
ROST_LOW,1.0811283021781268
UNKL_OPEN,1.0788903114003865
ROSN_LOW,1.0787638268499204
SVET_OPEN,1.0720361751256353
URKZ_HIGH,1.0695824949839967
RKKE_LOW,1.0685217988352826
SELG_CLOSE,1.0656260562128577
ELFV_HIGH,1.0637277817986623
KZOS_HIGH,1.0629026658487246
MFGSP_OPEN,1.0589675816355522
SVET_HIGH,1.0576314809172187
ROSN_CLOSE,1.0574668475599944
KBSB_OPEN,1.055175697377959
MSNG_CLOSE,1.0532740563512497
MGTS_CLOSE,1.0483881635553212
AFKS_HIGH,1.0483810404191078
LSNG_OPEN,1.046369750158634
VJGZ_CLOSE,1.0462067641012718
APRI_VOLUME,1.0455438668414392
DZRDP_CLOSE,1.0454277547668143
LNZL_LOW,1.0445012039444777
OGKB_HIGH,1.0428452934450332
BANEP_OPEN,1.0415444526488737
NKNCP_LOW,1.0415052424627953
VRSB_VOLUME,1.03877499416057
MAGE_HIGH,1.0378507734491664
AQUA_VOLUME,1.0366617918695535
TNSE_HIGH,1.0351665498776697
RBCM_LOW,1.0345423523820034
SBERP_OPEN,1.032725559578345
JNOS_LOW,1.0313568291846364
LNZLP_CLOSE,1.0296075323128173
TGKBP_HIGH,1.0293347168467726
WTCM_LOW,1.0237292750695388
NKNCP_HIGH,1.0233668398242817
HNFG_OPEN,1.0215463031585528
MGKL_HIGH,1.0189913393523824
NKNC_OPEN,1.0177217637292284
NSVZ_CLOSE,1.0173276224588403
ROLO_VOLUME,1.0170856711320473
MRKZ_OPEN,1.0167974559439041
KOGK_CLOSE,1.0154880452498884
OKEY_CLOSE,1.0154602685119427
IRAO_LOW,1.0147216419948728
RNFT_OPEN,1.0146245038078752
USD000UTSTOM_OPEN,1.01393569691896
UGLD_LOW,1.013510491295606
IRKT_OPEN,1.0112061499871787
DZRD_CLOSE,1.009344471933664
RUSI_OPEN,1.0045545938265115
SAGOP_HIGH,1.003456526095796
SPBE_VOLUME,1.0030084665773373
VSYD_VOLUME,0.9995669769329898
RBCM_CLOSE,0.9965883749996146
YDEX_VOLUME,0.9964460529040804
MDMG_OPEN,0.9928243675293187
TUZA_OPEN,0.9921333044663784
KRSBP_VOLUME,0.9912485735238191
MGTS_VOLUME,0.9900110303568327
BISVP_CLOSE,0.9894122944100651
PRMD_OPEN,0.9875861129875009
TGKA_CLOSE,0.986798173898479
VGSBP_CLOSE,0.9837091292167687
KRKOP_CLOSE,0.9833400183665516
LSNGP_HIGH,0.9817386415644797
NKHP_LOW,0.9791870616170989
AVAN_VOLUME,0.9777185983939654
KLSB_HIGH,0.9741346456263704
DIOD_LOW,0.9729879119829564
SELG_HIGH,0.9716406403377486
MVID_CLOSE,0.9710773709816185
CHGZ_LOW,0.9701160760624702
PMSB_LOW,0.9691207878582287
PMSBP_HIGH,0.9660402490898736
AFKS_OPEN,0.9658951512613324
RTSBP_CLOSE,0.9650772420790604
MSTT_LOW,0.963922672176288
AFKS_LOW,0.9601811669649889
NKSH_VOLUME,0.9600478980353994
LSNG_CLOSE,0.9569347424821677
T_HIGH,0.9561181419967006
GCHE_HIGH,0.9541741750441567
LSNGP_VOLUME,0.952034579476493
GMKN_OPEN,0.9518512087547201
DVEC_LOW,0.9518021373970594
MBNK_VOLUME,0.9488849299427198
RTGZ_LOW,0.9488378520373738
AMEZ_HIGH,0.9418317861378186
URKZ_LOW,0.9383141134543341
TORSP_HIGH,0.9355061307854547
UPRO_CLOSE,0.9298551885783852
TORSP_OPEN,0.9293265651543897
MSRS_VOLUME,0.9292287032683101
PAZA_VOLUME,0.9286457373121096
HIMCP_LOW,0.9274783553027479
VJGZP_LOW,0.9270781150049752
PAZA_LOW,0.9255931605384244
SAREP_VOLUME,0.9254537417286652
GAZAP_OPEN,0.9251948430977982
KRSB_LOW,0.9237290082431215
RENI_CLOSE,0.9219424043514377
MSNG_HIGH,0.9215508561804299
BLNG_OPEN,0.9203543487846076
MRKV_OPEN,0.9203448351676681
IMOEX_CLOSE,0.9186403435093058
MRKK_VOLUME,0.9179135480734769
HYDR_VOLUME,0.9165779654803347
MTLR_HIGH,0.9153613341747592
KMEZ_HIGH,0.9147201688722689
T_CLOSE,0.91200008817996
TRNFP_VOLUME,0.9108840795560358
BISVP_OPEN,0.9094780019483037
KAZT_VOLUME,0.9085736318059247
MGTSP_CLOSE,0.9072972510143741
CHGZ_HIGH,0.9058399797682778
URKZ_CLOSE,0.9038692663299474
GAZAP_HIGH,0.9023947757315846
NKNC_HIGH,0.8996414973262755
LPSB_HIGH,0.8979120395750035
GEMC_HIGH,0.8964870953208312
ELFV_OPEN,0.8956529535553499
KLVZ_OPEN,0.8930840029512672
VRSBP_LOW,0.8928296145688531
SVET_LOW,0.8925840045767522
ARSA_LOW,0.8902085499859392
TGKB_VOLUME,0.8888598053301552
OMZZP_LOW,0.8884699819899121
KZOSP_LOW,0.8881540895442722
MDMG_VOLUME,0.8861974464238728
BLNG_HIGH,0.8838063021697161
SVCB_CLOSE,0.8837873314062573
BRV5_CLOSE,0.8803329789749964
NKNCP_CLOSE,0.8801534435041409
YDEX_HIGH,0.879178851467418
NKNCP_VOLUME,0.8791733698923211
NAUK_CLOSE,0.8786917004042821
MTLRP_VOLUME,0.8762321349713001
PLZL_CLOSE,0.8753448419012754
EUR_RUB__TOM_VOLUME,0.8721120742239817
SAGO_OPEN,0.871763980542199
GECO_CLOSE,0.868565714961858
AQUA_OPEN,0.8660046666373916
RZSB_CLOSE,0.8619831680867063
AMEZ_OPEN,0.8613829661467759
RNFT_HIGH,0.8608268332597255
LVHK_LOW,0.8587318468471455
USBN_VOLUME,0.8583978214162157
PRMB_HIGH,0.8579645627605398
TRMK_OPEN,0.8574121571861965
T_OPEN,0.8538162801468726
GECO_VOLUME,0.8522470535978979
UGLD_OPEN,0.849440826734801
VSMO_VOLUME,0.8478720844484543
VJGZP_HIGH,0.847761231962686
SAGO_LOW,0.8477553465459122
PMSBP_OPEN,0.8475184260237697
KRKOP_LOW,0.8445977656667566
PIKK_HIGH,0.8438080949835008
HIMCP_OPEN,0.8431821693507998
CHKZ_HIGH,0.841655966247551
NNSBP_OPEN,0.8413238157671342
RTGZ_HIGH,0.8406276910662195
FEES_CLOSE,0.8402557125897078
MGNT_OPEN,0.8397707943359399
BRZL_CLOSE,0.839283895448338
SAGOP_VOLUME,0.8387354063322409
BANE_OPEN,0.8386019944493787
SELG_VOLUME,0.8379951997259706
VJGZ_LOW,0.8371256919644204
CHGZ_OPEN,0.8332506822433995
CNTL_CLOSE,0.8314438375940778
EUR_RUB__TOM_OPEN,0.831246872120912
CNTL_LOW,0.8300697149063754
KRSB_VOLUME,0.8227270476796972
RGSS_CLOSE,0.8221249064656116
SGZH_VOLUME,0.8174335583857805
AQUA_CLOSE,0.8165059040654833
ARSA_CLOSE,0.8152516822581602
RUSI_CLOSE,0.8127833273510445
RTKMP_VOLUME,0.8115109560109225
STSB_CLOSE,0.811397503138824
BSPB_CLOSE,0.8113939772379211
UKUZ_OPEN,0.810370985881451
LPSB_CLOSE,0.8096448498769355
MTLR_OPEN,0.8095354123139736
LPSB_OPEN,0.8071384821254929
SAGOP_LOW,0.8070842033439526
MRSB_OPEN,0.804180463350764
VKCO_CLOSE,0.8037470066597897
SVCB_HIGH,0.8024161905576389
JNOSP_LOW,0.8020438468118125
KUZB_OPEN,0.8001141126961885
PAZA_HIGH,0.7989797989095749
BRV5_LOW,0.7965946332177962
VRSBP_OPEN,0.7964125026659831
DVEC_HIGH,0.796220856723416
PLZL_HIGH,0.7956234388889731
LPSB_LOW,0.7954105526969961
NKNC_CLOSE,0.7949177460740678
MAGEP_OPEN,0.7944903720688878
ROSN_HIGH,0.7934656512949951
UNKL_LOW,0.793021149918435
USD000UTSTOM_LOW,0.7922691600689742
FEES_VOLUME,0.7912268397749239
SVET_VOLUME,0.7897050096795829
PHOR_VOLUME,0.7896737313131691
PMSB_HIGH,0.7873873550114939
JNOS_VOLUME,0.7851537986394969
PHOR_CLOSE,0.7844755261612169
KROTP_VOLUME,0.7842566168871036
YDEX_LOW,0.7836255954739579
PLZL_LOW,0.7835258543485702
TATNP_OPEN,0.7829725702653679
AQUA_LOW,0.782959947230711
DIOD_OPEN,0.781915470222969
KBSB_HIGH,0.7794143590190892
MFGS_OPEN,0.779361741967702
PRMB_CLOSE,0.779348075242427
CHGZ_CLOSE,0.778921756169274
AQUA_HIGH,0.7780629206281864
NKHP_HIGH,0.7762825359809401
JNOS_CLOSE,0.775249283184677
CNTLP_OPEN,0.7747727543234264
IRKT_CLOSE,0.7747357434986242
IMOEX_HIGH,0.7726100254259386
TGKBP_CLOSE,0.7700470160248405
MGTS_OPEN,0.7696869251946827
WTCMP_OPEN,0.7606449466586794
SVETP_HIGH,0.757997902429166
RENI_HIGH,0.7566895877226574
WUSH_CLOSE,0.7556085929708344
URKZ_VOLUME,0.7553884418327766
YKEN_CLOSE,0.750652366875955
SVETP_CLOSE,0.7494432695706322
MRKS_CLOSE,0.7485987479197135
ROLO_LOW,0.7485899808084978
LENT_VOLUME,0.7483558189795079
MGTSP_VOLUME,0.7476686605116695
SARE_HIGH,0.7416800159517312
KLVZ_HIGH,0.737866499327239
VSMO_CLOSE,0.737496471713194
MGNT_LOW,0.7374764819157654
SNGSP_LOW,0.7368899418528215
EELT_CLOSE,0.7360894385262279
RTSBP_OPEN,0.7349462332273599
VEON-RX_LOW,0.733172804591761
AFLT_VOLUME,0.7322604166720383
NAUK_HIGH,0.730234868880142
WTCMP_LOW,0.728669324030523
YDEX_OPEN,0.7279487011339439
VALUE_x,0.7252115442072428
AFLT_LOW,0.7250617188642794
GTRK_OPEN,0.7247325404304608
KRKN_LOW,0.7233981562272426
IMOEX_LOW,0.7221310478263484
ABRD_HIGH,0.7206546240332062
MTLR_LOW,0.7204511825816428
MRSB_CLOSE,0.719880351775729
NAUK_LOW,0.7158221402527735
BRV5_OPEN,0.7156615867847552
EELT_HIGH,0.7151800225551873
LEAS_OPEN,0.7114329423640333
RTGZ_CLOSE,0.7104905098243862
SOFL_CLOSE,0.7073234280830442
VSMO_HIGH,0.7061146973298529
KGKCP_HIGH,0.7025811371078085
NFAZ_VOLUME,0.7022283917076835
ELFV_LOW,0.7018768896175404
RTSB_LOW,0.7016194031701978
VSYDP_OPEN,0.7011646109820017
RTSB_OPEN,0.7004223518054076
MSRS_CLOSE,0.6997751951277692
UWGN_VOLUME,0.6979060417860045
ABRD_CLOSE,0.6978509011233371
VGSB_HIGH,0.6947688324071396
ABRD_LOW,0.692211607557545
OGKB_CLOSE,0.6911066628731143
MRKY_HIGH,0.6897502372250287
MVID_HIGH,0.6889932556745132
NMTP_CLOSE,0.6884281769354358
TASB_CLOSE,0.6841816376230181
GAZA_OPEN,0.6829932766854984
PIKK_CLOSE,0.6826944587975426
RGSS_VOLUME,0.6826216794215219
KBSB_LOW,0.681265516099877
KRSBP_OPEN,0.6808830413083401
SNGS_CLOSE,0.6780104125898045
MRSB_HIGH,0.6779050838699444
PLZL_OPEN,0.6776936661618201
CBOM_CLOSE,0.6767831927694631
VSYD_OPEN,0.676088204847589
T_LOW,0.675798262837907
YRSBP_CLOSE,0.6749374242661736
TNSE_VOLUME,0.6747427180640594
SAGO_HIGH,0.6745865007424513
IGST_LOW,0.6727259315387345
ZAYM_CLOSE,0.6721423977532996
SBER_HIGH,0.672076801669626
BANEP_LOW,0.67177860712275
UGLD_HIGH,0.6686937108823899
NKNCP_OPEN,0.6669249627158068
LVHK_VOLUME,0.6667025582315319
DZRD_HIGH,0.6647593402820323
TATN_OPEN,0.6633876364196978
RTKM_OPEN,0.6631027381849012
RDRB_CLOSE,0.6622127790226161
FLOT_LOW,0.6614210941465523
MFGS_HIGH,0.6612248008868883
YKENP_OPEN,0.6599861054638492
NVTK_HIGH,0.6594111111567461
SAREP_LOW,0.6582545677192043
CHMK_HIGH,0.6582519896700546
KOGK_HIGH,0.6576482158451372
SBER_LOW,0.6570917264120015
TORS_VOLUME,0.6569093643073652
WTCMP_CLOSE,0.6548365571502548
APRI_CLOSE,0.6546204747589393
SLEN_HIGH,0.6545514075242232
GAZA_HIGH,0.6544088573760646
DZRDP_HIGH,0.6543083152007992
TORS_CLOSE,0.6538955240274213
KMEZ_CLOSE,0.6517173714385778
KAZTP_OPEN,0.6509150725616953
POSI_OPEN,0.6499235242785177
NVTK_CLOSE,0.6495333164822975
KRKN_HIGH,0.648348260456006
NNSBP_VOLUME,0.6432393932374434
KGKCP_CLOSE,0.6419791302717338
WTCM_OPEN,0.6416921906109353
TORSP_CLOSE,0.6401767068176826
CNRU_VOLUME,0.6398517862607247
TTLK_LOW,0.6385452257645859
TRMK_HIGH,0.6366944102201465
YKEN_VOLUME,0.6365504116770511
DELI_LOW,0.6352172750750755
KGKCP_OPEN,0.6339266211869866
CNTLP_LOW,0.6337900859230153
PMSB_OPEN,0.6334912354265653
STSBP_VOLUME,0.6312714392223555
OGKB_LOW,0.6303368795958705
SVCB_OPEN,0.6300675356121505
TTLK_HIGH,0.6275456912316356
MRKK_LOW,0.6250614504111114
SAREP_HIGH,0.624865683716561
IRAO_OPEN,0.6248227379575707
VGSBP_LOW,0.6244464168874093
CNTLP_HIGH,0.6228380320122648
IGSTP_OPEN,0.6227782540414493
TTLK_CLOSE,0.619833921204982
DATA_HIGH,0.6195477282156715
OKEY_LOW,0.6187640083095841
KLVZ_LOW,0.6173213807399264
NSVZ_LOW,0.6160518040545159
KRKN_OPEN,0.6158244962442988
AFLT_OPEN,0.612057113362846
SPBE_OPEN,0.6119962006835025
KRSB_OPEN,0.6119623840800065
MGNT_CLOSE,0.6113677942300527
MRKV_CLOSE,0.6112259303249311
EELT_LOW,0.6105592463817179
SNGSP_HIGH,0.6074383499158827
YRSBP_HIGH,0.6063473093253684
MTLR_CLOSE,0.6055000426712994
SNGS_LOW,0.6054060566520181
TORS_OPEN,0.6050918074264661
LENT_OPEN,0.6049741942041402
NVTK_LOW,0.6042276648932056
OMZZP_CLOSE,0.6032331193651991
USBN_HIGH,0.6032329463021784
SLEN_CLOSE,0.6027715045355163
VKCO_LOW,0.6009973957893023
NKSH_HIGH,0.6009306776640947
PRMB_OPEN,0.6006621156112572
TRMK_CLOSE,0.5990996765554727
YAKG_HIGH,0.5972842776701247
ZAYM_OPEN,0.5968075394233341
SMLT_CLOSE,0.5966908388766877
HNFG_LOW,0.5966464920961543
ALRS_CLOSE,0.5964976740488319
LEAS_CLOSE,0.5951341627219126
PIKK_OPEN,0.5946518316564152
MSRS_HIGH,0.5941037622715276
AKRN_OPEN,0.5923248849022221
MRKS_HIGH,0.5884455704112227
LEAS_LOW,0.5880814938261031
SAREP_OPEN,0.5878040899772786
OZPH_HIGH,0.5869682452985562
SVETP_VOLUME,0.5865299882382289
BANEP_HIGH,0.5860741562927715
MGKL_CLOSE,0.5860472457450862
ROLO_HIGH,0.584645206145268
VSMO_LOW,0.5829118785049379
KCHEP_CLOSE,0.5821485386732884
PRMD_LOW,0.5818561072633069
KGKCP_LOW,0.5803575299064574
KOGK_OPEN,0.5792108321601479
SBERP_LOW,0.5785425421784046
HIMCP_VOLUME,0.5769910826359542
FLOT_HIGH,0.5769278631832981
KLSB_LOW,0.5753589164278216
PRMB_VOLUME,0.5729384378684954
JNOSP_HIGH,0.571999600127313
TGKA_LOW,0.5702201861273227
VRSB_OPEN,0.5667838960039479
RASP_VOLUME,0.5657498012732253
BELU_LOW,0.5651500207936597
RTGZ_OPEN,0.5651482095267027
YKEN_OPEN,0.5643240898901993
MTLR_VOLUME,0.5643231428051735
IGST_OPEN,0.5640911121720372
RAGR_OPEN,0.5629771220035685
DIAS_VOLUME,0.5626199752568083
USD000UTSTOM_HIGH,0.5616155139348361
MGTSP_HIGH,0.5605406063376387
ROST_CLOSE,0.5600356989854584
KCHE_HIGH,0.5578929056408543
VJGZ_HIGH,0.5578502885111649
TGKA_HIGH,0.5557431102931188
TRMK_LOW,0.5552542289665047
RAGR_LOW,0.5519357348831414
WUSH_LOW,0.5503621957633283
RTKMP_CLOSE,0.5494645135593273
RAGR_HIGH,0.5465631120657967
GAZA_CLOSE,0.5461194901132499
MRKP_HIGH,0.5458743448145053
UPRO_HIGH,0.5441038919152305
MAGEP_HIGH,0.5435130024044228
RAGR_CLOSE,0.5430635864758045
MSRS_LOW,0.5413704353457747
DATA_OPEN,0.5412972369007977
MFGSP_HIGH,0.5403595303338383
BISVP_HIGH,0.5401770325491375
TATN_VOLUME,0.5397185538877001
CHMF_OPEN,0.5385153681959772
SBERP_HIGH,0.537212084021764
YKEN_HIGH,0.5363479716173368
CHKZ_CLOSE,0.5345363030325885
MRKP_LOW,0.5341269945454207
BANEP_CLOSE,0.533505481492054
RAGR_VOLUME,0.5330827393624687
T_VOLUME,0.5319277580390313
UTAR_LOW,0.5313672185029928
LEAS_HIGH,0.5307704020798981
APTK_CLOSE,0.5286125569544127
BSPB_HIGH,0.5282616017436982
APRI_OPEN,0.5282247792557724
SVAV_CLOSE,0.5269758361129445
DATA_LOW,0.5263767271597297
ZAYM_LOW,0.5245033908053466
RTSB_CLOSE,0.5242240235747562
POSI_HIGH,0.523653925898448
IMOEX_OPEN,0.5233315209244419
GECO_HIGH,0.523264563765392
MRKZ_HIGH,0.5232409880970942
MVID_LOW,0.5229377220426427
PHOR_OPEN,0.5204262887680455
QIWI_OPEN,0.5203167438023019
SNGSP_CLOSE,0.5182992523291358
MRKC_HIGH,0.5168500764333596
MRKU_OPEN,0.5158003188366692
LMBZ_LOW,0.515130251797013
DATA_CLOSE,0.5147230005978441
SVAV_LOW,0.5144617386007373
RZSB_HIGH,0.5144438326025083
KGKC_OPEN,0.512930450173451
CBOM_LOW,0.5121150282659621
YRSB_CLOSE,0.5089851669260012
MFGS_VOLUME,0.5076364252554432
VJGZP_OPEN,0.5060577326234555
TGKBP_VOLUME,0.505894320608164
HIMCP_CLOSE,0.5055008502355749
MGNT_HIGH,0.5022579450096846
WUSH_HIGH,0.5010661890780206
MSTT_CLOSE,0.500942459629853
RENI_LOW,0.5002824167467381
KUZB_HIGH,0.49979462774309685
TASBP_OPEN,0.49832434154768074
RENI_OPEN,0.49700561332643595
CNRU_HIGH,0.49700430747381447
SLEN_OPEN,0.4969899487711076
LSNGP_LOW,0.49655428767666826
NKSH_CLOSE,0.49610554696281
DZRDP_LOW,0.4953184803837569
MRSB_LOW,0.4950445947289778
FIXR_VOLUME,0.4938931026040226
HNFG_CLOSE,0.49357708600499334
CNTLP_CLOSE,0.49177849124513995
POSI_LOW,0.4895484819000195
IVAT_LOW,0.4885284968487226
KROT_CLOSE,0.487943611796618
HYDR_LOW,0.4878549294408671
LSNG_HIGH,0.48778656856222763
KGKC_LOW,0.4873441177919813
ASTR_HIGH,0.4862684465747737
MAGE_CLOSE,0.48551215254595875
STSB_VOLUME,0.4853466933623318
DZRD_LOW,0.483861211562232
MRKP_OPEN,0.48258464999548084
MISBP_CLOSE,0.48131814830045644
RTSBP_VOLUME,0.48108205984073127
IRKT_LOW,0.48039546940483085
OZPH_CLOSE,0.47924243200844646
OZON_OPEN,0.47912882005644963
MRKZ_CLOSE,0.4789341275117885
LKOH_CLOSE,0.4764686335749593
MRKV_HIGH,0.4758445335265156
ROST_OPEN,0.47548107675070955
MOEX_HIGH,0.47534651183594206
PLZL_VOLUME,0.47458597106531264
CNRU_OPEN,0.47367710435174953
MFGS_LOW,0.47233017312028847
RTSBP_HIGH,0.47067219530852916
VLHZ_OPEN,0.469419168197101
PIKK_LOW,0.4688637332805056
KLSB_OPEN,0.46840722475587104
SFIN_LOW,0.4680947044075336
MRKZ_LOW,0.4678286848525895
SVAV_OPEN,0.4651657335483279
RKKE_VOLUME,0.46508448771929084
LSNG_LOW,0.4648720394144516
KRKN_VOLUME,0.46457356101126907
APTK_HIGH,0.46346031860207176
BISVP_LOW,0.4624679075761975
KOGK_VOLUME,0.4616511388044098
KFBA_HIGH,0.45870572889191336
ETLN_OPEN,0.4557280349427211
SVETP_OPEN,0.4549806367867694
RUSI_LOW,0.45379569640293793
OGKB_OPEN,0.4520772006566929
SVETP_LOW,0.45165446872832044
LKOH_OPEN,0.4502809604526649
RDRB_LOW,0.4498504188294736
NVTK_OPEN,0.44950534486206967
UKUZ_LOW,0.4492555058110577
KMAZ_OPEN,0.44740392351435815
POSI_CLOSE,0.44738174076930565
NSVZ_HIGH,0.4458270011841534
RTKMP_OPEN,0.4457829811694882
MRKY_OPEN,0.44409953763692744
ZAYM_HIGH,0.44329761967036196
KMAZ_CLOSE,0.4426760774654583
OZPH_VOLUME,0.4404248953890712
GAZAP_CLOSE,0.43591665497432514
AKRN_CLOSE,0.43575888562008097
OZPH_LOW,0.4332302329929811
LMBZ_OPEN,0.4309971550050189
UNAC_OPEN,0.43081224266762314
SAGO_VOLUME,0.42991032041927907
IVAT_OPEN,0.4298327888702989
SMLT_LOW,0.4298025328589759
CNTL_HIGH,0.42894613163843287
ROST_HIGH,0.42746039968254257
ABRD_OPEN,0.4240495599666419
STSB_LOW,0.4202646389473408
CBOM_HIGH,0.4186563805114137
LVHK_OPEN,0.4169219106648369
NNSB_CLOSE,0.416706253626322
KLSB_CLOSE,0.4166293587601541
MISBP_LOW,0.4166120087987193
VSMO_OPEN,0.4163826723620671
CARM_OPEN,0.41616188368364676
APRI_LOW,0.4161192074550831
KFBA_VOLUME,0.4148119692414669
KMAZ_HIGH,0.4145685941171289
SVCB_LOW,0.4131857554636751
RASP_OPEN,0.4126242112019299
GECO_LOW,0.40996408660084804
X5_VOLUME,0.4091542217330096
AFLT_HIGH,0.4091149677327434
FLOT_CLOSE,0.4074382637758924
SAGOP_OPEN,0.4072699639624604
LKOH_HIGH,0.4070062434598323
NFAZ_LOW,0.4048031500332155
AVAN_LOW,0.40480235741079773
SGZH_CLOSE,0.40308267069883374
MTSS_HIGH,0.4022448868848079
NKHP_OPEN,0.40181409066558255
MDMG_CLOSE,0.40164656027252593
LKOH_LOW,0.4007647385396698
KAZT_CLOSE,0.4004833965954171
SVAV_HIGH,0.398373347724491
ROLO_OPEN,0.3979722821034579
TGKB_LOW,0.3974750550804041
RTKM_LOW,0.39629947886666095
SARE_OPEN,0.3955984666049616
SBERP_VOLUME,0.3939570030832793
FEES_LOW,0.39211906571481897
ALRS_VOLUME,0.39062000941302927
ASTR_CLOSE,0.3901676045445746
FEES_HIGH,0.3892504389180593
OZPH_OPEN,0.38910285563975716
NNSBP_LOW,0.3890168545069724
X5_HIGH,0.388043762808925
RZSB_LOW,0.3875109080242886
SFIN_CLOSE,0.3869636615404856
KCHE_LOW,0.3843814775956022
CARM_LOW,0.3836968065705158
KRKNP_VOLUME,0.38327703206069463
MGTSP_LOW,0.3830750521042708
UKUZ_CLOSE,0.38247050353094975
OZON_LOW,0.3810249655396845
CHMK_LOW,0.38072115125112255
WTCMP_HIGH,0.3792474136070548
JNOSP_OPEN,0.37843044425377065
BSPBP_OPEN,0.37838163196259605
CHKZ_LOW,0.37826218392279437
ROSN_OPEN,0.3776711924170959
SAGO_CLOSE,0.3773015401057902
GAZAP_LOW,0.3770833129258358
BANE_LOW,0.3758210013679772
SOFL_LOW,0.3738424411387908
NNSBP_CLOSE,0.3736539418585452
KRKNP_OPEN,0.3730493060710347
KLVZ_CLOSE,0.3727101148387839
NMTP_HIGH,0.3723946990864226
SNGS_OPEN,0.3722030132607559
QIWI_VOLUME,0.37181465460385366
MOEX_CLOSE,0.37094627901737304
OZON_CLOSE,0.36661616403400926
KFBA_LOW,0.36628905710377735
GTRK_HIGH,0.3657257452494493
LVHK_HIGH,0.3652080160027607
GEMC_CLOSE,0.3648837355448032
KROT_HIGH,0.3629715381671684
USBN_OPEN,0.3608343559134776
CARM_CLOSE,0.36067960657382575
LIFE_OPEN,0.3597453772689066
TASB_OPEN,0.35919689367369906
VEON-RX_HIGH,0.3563693758117452
VSYD_HIGH,0.3562070735128052
MAGEP_CLOSE,0.3551285025284468
MGKL_LOW,0.3542461044226801
VGSBP_OPEN,0.35275164519002516
FESH_LOW,0.3497763300899905
MRKS_OPEN,0.34838338897295323
MISB_CLOSE,0.3477647508187743
LMBZ_CLOSE,0.346305867855764
NLMK_OPEN,0.345136935378701
MSNG_OPEN,0.3446656058256639
ZILL_LOW,0.3444361243022182
WUSH_OPEN,0.344097537760453
KGKC_HIGH,0.34401914562115743
HYDR_CLOSE,0.3435461532485675
KFBA_OPEN,0.34300741012557173
OKEY_HIGH,0.34230684276408624
RZSB_OPEN,0.3395663681357153
MISB_LOW,0.33941130672355796
MRKU_HIGH,0.3380143479181386
APTK_LOW,0.33798810053145756
SNGS_HIGH,0.33725485243667935
CARM_HIGH,0.33715378943855917
STSBP_LOW,0.33558930566326844
ELMT_CLOSE,0.3354859286784513
CHMF_CLOSE,0.3351847917646087
RTKMP_LOW,0.3342967397839633
YAKG_CLOSE,0.33238685577957167
LIFE_LOW,0.33216683722070844
KMAZ_LOW,0.3321005506590029
UKUZ_VOLUME,0.3303414986031843
ETLN_HIGH,0.3302221811136841
FIXR_HIGH,0.329343888000236
DELI_CLOSE,0.3293361323809953
GEMC_LOW,0.32616794149509654
ALRS_LOW,0.32605297103572345
MTSS_CLOSE,0.32593782628452356
FIXR_OPEN,0.3257753917083028
MISB_HIGH,0.3240481770983021
VKCO_OPEN,0.3240420882799951
VKCO_HIGH,0.3239263545246373
ASSB_OPEN,0.32378287988048576
KGKC_CLOSE,0.32309004649304024
ENPG_LOW,0.32014610184519376
VGSB_CLOSE,0.32005822457247596
GTRK_LOW,0.3199429587484036
LIFE_HIGH,0.31817615986114994
TGKA_OPEN,0.3175476300149477
NNSB_VOLUME,0.31703403674525615
VSYDP_HIGH,0.31605239551513303
MBNK_HIGH,0.31028516813224954
HYDR_OPEN,0.30999579018213735
KROT_LOW,0.3093079008909256
CHKZ_OPEN,0.30898286239607947
LENT_CLOSE,0.30768202627166946
UKUZ_HIGH,0.30615568981900054
VRSB_CLOSE,0.30533366011157254
VEON-RX_CLOSE,0.3052712657391016
KCHE_OPEN,0.3051885494388878
OZON_HIGH,0.3048440686073835
SPBE_LOW,0.3022038816124444
MAGN_HIGH,0.3020530899726192
DIAS_OPEN,0.3016329478613246
LIFE_CLOSE,0.300512355617828
NMTP_LOW,0.3001238829461595
FESH_HIGH,0.2984572361284134
AVAN_HIGH,0.29843942904159065
ASSB_HIGH,0.29611074490012135
VRSBP_HIGH,0.29555554085278185
TORSP_LOW,0.2952381779551732
NKSH_LOW,0.2952034903532867
APTK_OPEN,0.294542238515104
ASSB_CLOSE,0.2939428049408768
MAGEP_LOW,0.29242508013925933
KRSB_CLOSE,0.2920172500928674
MDMG_HIGH,0.29106562259827057
TGKB_CLOSE,0.28909174135272403
PRMD_VOLUME,0.28895928374146335
KGKCP_VOLUME,0.2887099583925827
KCHEP_OPEN,0.28795206293800973
NLMK_CLOSE,0.28728083107110164
ASTR_OPEN,0.28699155065192017
MFGSP_LOW,0.28663352448974194
PAZA_CLOSE,0.2864836053140076
MAGN_OPEN,0.2861247028288123
BSPB_OPEN,0.28396059183314654
RNFT_CLOSE,0.28308254072176864
MTLRP_HIGH,0.2826098160188231
GEMC_OPEN,0.2816135251052898
SARE_CLOSE,0.280526067728498
DIAS_HIGH,0.279598419763746
HNFG_HIGH,0.278832713765748
BELU_OPEN,0.2783068352330394
TORS_LOW,0.2781874939172557
TRNFP_HIGH,0.276972347758867
VLHZ_LOW,0.2769448861602138
BLNG_CLOSE,0.2759525111630441
MGTSP_OPEN,0.27548517727035815
UPRO_OPEN,0.2754046762755527
MISBP_HIGH,0.2729668510250917
KFBA_CLOSE,0.27160920541822325
TASBP_VOLUME,0.2708480825908138
ASTR_LOW,0.27078918745959357
RTKM_CLOSE,0.26984727266847225
BELU_CLOSE,0.26968426120803374
MRKY_LOW,0.2678874323363124
X5_CLOSE,0.2677424068602104
YAKG_LOW,0.2676083762868984
TASB_HIGH,0.26645480308490227
X5_LOW,0.26474225128086454
VSEH_CLOSE,0.26400288197121163
ELMT_OPEN,0.26315326639597064
MISBP_OPEN,0.2621139609235525
OKEY_OPEN,0.261777974571706
STSBP_CLOSE,0.26043648437386585
CHMF_LOW,0.2603118184714279
BRZL_HIGH,0.25967028527521197
KUZB_CLOSE,0.2591782098251653
DELI_OPEN,0.2582374365476469
RGSS_HIGH,0.25763496012589593
IGSTP_LOW,0.2572660806907893
FIXR_CLOSE,0.2562882880881237
VGSBP_HIGH,0.2557434878845901
BRZL_VOLUME,0.2555809088661628
BLNG_LOW,0.2534024725476565
MRKC_OPEN,0.25316673005697565
BELU_HIGH,0.25316087801382176
DIAS_LOW,0.2527688585930378
TATNP_HIGH,0.25251156831723076
X5_OPEN,0.250948407156772
MTSS_LOW,0.2509209932090918
VRSBP_CLOSE,0.25083990313695126
GECO_OPEN,0.2503420253373767
HYDR_HIGH,0.2500022695002509
BANE_HIGH,0.24964805823833855
STSB_HIGH,0.24878775411754273
JNOSP_CLOSE,0.24735562338340036
BRZL_OPEN,0.2456887232277656
MVID_OPEN,0.24458454996571963
TORS_HIGH,0.2439516863412535
PHOR_HIGH,0.24371734149743743
SLEN_LOW,0.24342026514649073
SARE_LOW,0.24280178259158536
VRSB_HIGH,0.2418681247562774
QIWI_LOW,0.2417936856160873
ETLN_CLOSE,0.24122175009065075
KRSBP_LOW,0.23962432895053765
STSB_OPEN,0.2385657810808384
ENPG_HIGH,0.23813003704198735
MTSS_OPEN,0.23795318933146836
KAZT_OPEN,0.23745694537960102
AVAN_CLOSE,0.236247488160604
KCHE_VOLUME,0.23577462061396437
ETLN_LOW,0.234102698264124
SGZH_LOW,0.23339197073642767
SAGOP_CLOSE,0.2333475160502665
SNGSP_OPEN,0.23280174321458302
TATN_HIGH,0.23272192790333734
RUSI_HIGH,0.23253167221203264
TASBP_LOW,0.23112141282120233
MAGN_LOW,0.23054221545992934
TATNP_CLOSE,0.22959911373723105
KAZTP_LOW,0.22952026844807336
DVEC_OPEN,0.2285385119913996
CNRU_CLOSE,0.22779501540637873
AFLT_CLOSE,0.22661938741991458
NNSB_HIGH,0.22660941922782504
ZVEZ_HIGH,0.2260861293449016
YRSBP_LOW,0.22521159751917832
MBNK_CLOSE,0.22446710716096732
BRV5_HIGH,0.22426288284858428
MDMG_LOW,0.22311691184946927
TGKB_HIGH,0.22182370973318563
KRKNP_CLOSE,0.22156584099203003
BRZL_LOW,0.22109574964997683
CHMF_HIGH,0.22104778327389085
IGSTP_HIGH,0.22078291235082545
MBNK_OPEN,0.2201812542512445
HIMCP_HIGH,0.21970334483026602
UNAC_LOW,0.21856186064252
KZOSP_HIGH,0.21845332157183883
TASBP_HIGH,0.2184360746828046
KZOS_OPEN,0.2180476820573434
ALRS_OPEN,0.21786624973251642
LENT_LOW,0.21726260197771352
NFAZ_CLOSE,0.21590295770298992
NNSBP_HIGH,0.21581438038587633
MOEX_OPEN,0.2150279577861209
TRNFP_CLOSE,0.21476135375255948
RUSI_VOLUME,0.2144422460647406
TATNP_LOW,0.2136029331335795
PRMB_LOW,0.2096032399883343
EUR_RUB__TOM_HIGH,0.20908978425972072
MFGS_CLOSE,0.20847121023902282
IRAO_HIGH,0.20805376793707964
SMLT_HIGH,0.20768770764669342
MRKK_CLOSE,0.2076613965687003
MRKU_LOW,0.20744325049094692
SGZH_HIGH,0.20725682484470723
MTLRP_CLOSE,0.20637543703584862
MAGN_CLOSE,0.20508781181575442
ASSB_LOW,0.2023108024347161
STSBP_HIGH,0.20078786439365312
MTLRP_OPEN,0.20031656132171172
VGSB_LOW,0.19948489548522544
UNKL_HIGH,0.1989372227952428
FIXR_LOW,0.1987832583212298
SMLT_OPEN,0.19829332719550682
MISB_OPEN,0.1929351144643827
TATN_CLOSE,0.19135220755398077
VSEH_LOW,0.19116048004233485
TATN_LOW,0.1909332382901521
NKNC_LOW,0.19029460803243534
TTLK_OPEN,0.18980746751426722
IVAT_HIGH,0.1895618364257091
IGSTP_CLOSE,0.18928411521368196
RNFT_LOW,0.18852803878769986
UWGN_OPEN,0.18821702334873622
DIAS_CLOSE,0.18713228576417737
UNAC_CLOSE,0.1868601901700744
GTRK_CLOSE,0.18615876422156194
KAZT_HIGH,0.1856141744780396
SFIN_OPEN,0.18534159972525624
ENPG_CLOSE,0.18417702827645
DELI_HIGH,0.18382968959462595
MGTS_LOW,0.18268693278753015
MFGSP_CLOSE,0.18247904914425514
ELMT_LOW,0.18211392622639377
CNRU_LOW,0.18155299111162682
VGSB_OPEN,0.18081618175183514
KCHE_CLOSE,0.1804751345557067
CNTL_OPEN,0.17958018886589763
cbr_key_rate_history_html_KEY_RATE,0.17883756054550348
MTLRP_LOW,0.17839045274583373
MBNK_LOW,0.17800350051413374
AKRN_HIGH,0.1747233469615539
UWGN_HIGH,0.17416872409039405
RGSS_LOW,0.17371908439553338
QIWI_CLOSE,0.17134297520803388
VSYD_LOW,0.17074598893824108
IVAT_VOLUME,0.17060296600098404
RDRB_HIGH,0.16983173263736595
MRKK_HIGH,0.1686071956836064
WTCM_HIGH,0.16762138860135567
QIWI_HIGH,0.1667065080942718
VSEH_OPEN,0.1654743361538944
KRKN_CLOSE,0.16413589312036234
FEES_OPEN,0.164122742063082
CHMK_OPEN,0.16341495864467756
KUZB_LOW,0.16312854819373032
FESH_CLOSE,0.16277239752638353
SBER_CLOSE,0.16165798420489005
TASBP_CLOSE,0.16096866139865007
KRSBP_HIGH,0.15723599978113292
SBERP_CLOSE,0.15581309396540774
YRSBP_OPEN,0.15519561408639201
TASB_LOW,0.15284277580524305
KRKNP_HIGH,0.15265970461192405
ELMT_HIGH,0.15162604701467555
ALRS_HIGH,0.1511397013176529
RTKMP_HIGH,0.15063584639618033
TRNFP_LOW,0.1476749396586421
TGKN_OPEN,0.14487345796228293
OMZZP_HIGH,0.1436433859744443
IVAT_CLOSE,0.14326921501533774
SAREP_CLOSE,0.14311462637075512
GCHE_LOW,0.14302278558129214
TRNFP_OPEN,0.14011377274755024
YRSB_LOW,0.13907804304974852
VTBR_OPEN,0.1375341616124737
MRKY_CLOSE,0.13476028398808462
EUTR_OPEN,0.1345134460221158
USBN_CLOSE,0.13390881408939512
MRKV_LOW,0.1323513251182696
UWGN_LOW,0.13212189784354067
MOEX_LOW,0.13181600181638511
VSEH_HIGH,0.13139355707225345
IGST_HIGH,0.12711816414578045
TGKN_CLOSE,0.12692167551545894
NLMK_LOW,0.1262265824761695
YAKG_OPEN,0.12543766511327856
KAZT_LOW,0.1244258673514362
RTSI_OPEN,0.12316061226228214
KROT_OPEN,0.12295857612676553
UNAC_HIGH,0.12270070408747712
VRSB_LOW,0.12183940560539104
CHMK_CLOSE,0.1205818461667364
GCHE_OPEN,0.12048586525719229
NFAZ_OPEN,0.11797864955173461
NFAZ_HIGH,0.11674216812185549
KRSBP_CLOSE,0.11648122593641647
STSBP_OPEN,0.11512643365607121
KAZTP_HIGH,0.11461853864053644
VTBR_CLOSE,0.11366793671715097
VTBR_VOLUME,0.11325019108227263
RTSB_HIGH,0.11291768023981247
LSNGP_CLOSE,0.1095996214177562
KRSB_HIGH,0.10892360514746724
UWGN_CLOSE,0.10581803340600099
MRKU_CLOSE,0.10447548855994138
TGKN_LOW,0.09967802558475775
SVET_CLOSE,0.09553221960665108
LENT_HIGH,0.09372190980170476
VLHZ_HIGH,0.09212894600694595
RTKM_HIGH,0.0902458789918849
ZVEZ_OPEN,0.08732669117904966
KAZTP_CLOSE,0.08589909536276004
MGTS_HIGH,0.08502955071968181
YRSB_OPEN,0.08334406445551075
USBN_LOW,0.0821008369109389
SGZH_OPEN,0.07850094177888826
VLHZ_CLOSE,0.07821957760216888
KRKNP_LOW,0.07627103029157871
TGKN_HIGH,0.07461938996813615
BANE_CLOSE,0.07329278483938483
NLMK_HIGH,0.0701544402596189
ENPG_OPEN,0.06659434337896371
SFIN_HIGH,0.06522175893506953
VTBR_HIGH,0.06362329274530502
VTBR_LOW,0.061290255500436396
EUTR_LOW,0.05582366438477987
UNKL_CLOSE,0.054244288436651106
PHOR_LOW,0.05104398473502655
UPRO_LOW,0.05087079104143827
KCHEP_LOW,0.04122487180636924
BSPB_LOW,0.031029475431848436
RTSI_VOLUME,0.0
IMOEX_VOLUME,0.0
